<?xml version="1.0"?>
<doc>
    <assembly>
        <name>Untidy.NAntTasks</name>
    </assembly>
    <members>
        <member name="T:Untidy.NAntTasks.InnoSetupTask">
            <summary>
            Calls the InnoSetup command-line compiler task.
            </summary>
            <remarks>
              <para>This task looks for a path to the compiler in three registry locations (until a path is found, ordered top-to-bottom):</para>
              <list type="table">
              <listheader>
              <term>Key</term>
              <description>Value</description>
              </listheader>
              <item><term>HKEY_LOCAL_MACHINE\Software\Microsoft\Windows\CurrentVersion\Uninstall\Inno Setup 3_is1</term><description>Inno Setup: App Path</description></item>
              <item><term>HKEY_LOCAL_MACHINE\Software\untidy.net\InnoSetupNAntTask</term><description>path</description></item>
              <item><term>HKEY_CURRENT_USER\Software\untidy.net\InnoSetupNAntTask</term><description>path</description></item>
              </list>
              <para>If the path is not found at any of these locations, it hopes that issc.exe is in the path.</para>
              <note>If the ISX or ISPP compilers are specified, the task will look in the following locations instead:</note>
              <list type="table">
              <listheader>
              <term>Key</term>
              <description>Value</description>
              </listheader>
              <item><term>HKEY_LOCAL_MACHINE\Software\Microsoft\Windows\CurrentVersion\Uninstall\My Inno Setup Extensions 3_is1</term><description>Inno Setup: App Path</description></item>
              <item><term>HKEY_LOCAL_MACHINE\Software\untidy.net\InnoSetupNAntTask</term><description>isxpath</description></item>
              <item><term>HKEY_CURRENT_USER\Software\untidy.net\InnoSetupNAntTask</term><description>isxpath</description></item>
              </list>
            </remarks>
            <example>
              <para>Compile <c>sample.iss</c> using the command-line compiler.</para>
              <code>&lt;iscompiler filename="sample.iss" /&gt;</code>
              <para>Compile <c>sample.iss</c> using the Inno Setup Pre-Processor compiler (isppcc.exe).</para>
              <code>&lt;iscompiler filename="sample.iss" compiler="ISPP" /&gt;</code>
            </example>
        </member>
        <member name="P:Untidy.NAntTasks.InnoSetupTask.FileName">
            <summary>
            Inno-Setup Script file (*.iss) to compile.
            </summary> 
        </member>
        <member name="P:Untidy.NAntTasks.InnoSetupTask.Compiler">
            <summary>
            Selects which (IS / ISX / ISPP) command-line compiler to use to compile the script.
            </summary>
            <remarks>
            Can take the following values : Default (default), ISX, ISPP. In the case that the 
            location of the compiler cannot be automatically determined, the compiler attribute
            cannot guarantee to select the correct compiler.
            </remarks>
        </member>
        <member name="P:Untidy.NAntTasks.InnoSetupTask.ExtraParams">
            <summary>
            Allows the user to pass extra parameters to the compiler (useful for ISPP).
            </summary>
        </member>
        <member name="T:Untidy.NAntTasks.VersionInfoTask">
            <summary>
            VERSIONINFO Version Number Update Task
            </summary>
            <remarks>
              <para>This task can update a VERSIONINFO block inside 
              (for example) .rc or .rc2 files in order to increment/modify/replace 
              the version number inside.</para>
              <list type="bullet">
                <item>All parts of the version number can all be incremented/decremented/replaced.</item>
                <item>The entire version number can be replaced with a specific new value.</item>
                <item>The initial version number can be read from an external file with 
                a version number string in it (which can also be updated).</item>
                <item>Suffixes can be placed on the end of the version number strings for File or 
                Product entries.</item>
              </list>
              <note>All build numbers are assumed to be in the form major.minor.revision.build</note>
              <note>External build number files must include a number of the form 
              "[0-9]+.[0-9]+.[0-9]+.[0-9]+" on the first line, including the quotes.</note>
            </remarks>
            <example>
              <para>Increment the build number in <c>sample.rc</c>.</para>
              <code>&lt;versioninfo filename="sample.rc" /&gt;</code>
              <para>Load the version number from the file "build.number.file", increment the build 
              part and store it in both "myproduct.rc" and "build.number.file".</para>
              <code>&lt;versioninfo filename="myproduct.rc" source="build.number.file" /&gt;</code>
              <para>Increment the build part, and set the revision number to 13.</para>
              <code>&lt;versioninfo filename="myproduct.rc" setrevision="13" /&gt;</code>
              <para>Increment the minor part by 2, and don't increment the build part.</para>
              <code>&lt;versioninfo filename="myproduct.rc" minor="2" build="0" /&gt;</code>
              <para>Set the version number to 1.2.3.4.</para>
              <code>&lt;versioninfo filename="myproduct.rc" setversion="1.2.3.4" /&gt;</code>
              <para>Increment the build number by one, and add the suffix of "-devel" to the 
              ProductVersion string entry. This line only modifies the ProductVersion entries.</para>
              <code>&lt;versioninfo filename="myproduct.rc" productsuffix="-devel" update="ProductVersion" /&gt;</code>
            </example>
        </member>
        <member name="M:Untidy.NAntTasks.VersionInfoTask.#ctor">
            <summary>constructor</summary>
        </member>
        <member name="M:Untidy.NAntTasks.VersionInfoTask.extractVersionInfo(System.Text.RegularExpressions.Match)">
            <summary>
            This function fills in a VersionInfo class with values from a RegEx match.
            </summary>
            <param name="match">RegEx match with a,b,c and d named values for major.minor.revision.build.</param>
            <returns>VersionInfo class with values from the RegEx match.</returns>
        </member>
        <member name="M:Untidy.NAntTasks.VersionInfoTask.swapVersionTags(System.String,System.Text.RegularExpressions.Regex,Untidy.NAntTasks.VersionInfo,System.Boolean,System.String)">
            <summary>
            If the regular expression (matcher) succeeds, then the version number 
            string is replaced with a new one.
            </summary>
            <param name="line">String to search.</param>
            <param name="matcher">Regular expression.</param>
            <param name="vi">New version number.</param>
            <param name="useCommas">Use commas or full-stops to separate.</param>
            <param name="suffix">Any string suffix required.</param>
            <returns>Updated string.</returns>
        </member>
        <member name="M:Untidy.NAntTasks.VersionInfoTask.pass1(System.Text.RegularExpressions.Regex)">
            <summary>
            This searches for a version number in "infile" and returns a VersionInfo class on success.
            </summary>
        </member>
        <member name="M:Untidy.NAntTasks.VersionInfoTask.pass2(Untidy.NAntTasks.SimpleTextFile,Untidy.NAntTasks.SimpleTextFile,Untidy.NAntTasks.VersionInfo)">
            <summary>
            This function updates every version information reference in the VERSIONINFO block.
            </summary>
        </member>
        <member name="M:Untidy.NAntTasks.VersionInfoTask.updateBuildFile(Untidy.NAntTasks.SimpleTextFile,Untidy.NAntTasks.SimpleTextFile,Untidy.NAntTasks.VersionInfo)">
            <summary>
            If a build number file was used as the source, this will update that file.
            </summary>
        </member>
        <member name="M:Untidy.NAntTasks.VersionInfoTask.readNumberFile">
            <summary>
            Reads the original version number from a file.
            </summary>
        </member>
        <member name="M:Untidy.NAntTasks.VersionInfoTask.updateVersionInfo(Untidy.NAntTasks.VersionInfo)">
            <summary>
            This function performs all of the updates to the version number read from a file.
            </summary>
            <param name="vi">Original Version Number.</param>
            <returns>Updated Version Number.</returns>
        </member>
        <member name="M:Untidy.NAntTasks.VersionInfoTask.updateFile(System.String,Untidy.NAntTasks.VersionInfo,Untidy.NAntTasks.UpdateFunction)">
            <summary>
            This function updates the file "fileName" using the delegate "fn".
            </summary>
            <param name="fileName">Name and path of the file to be updated.</param>
            <param name="vi">New version number.</param>
            <param name="fn">Delegate pointing to an update function.</param>
        </member>
        <member name="P:Untidy.NAntTasks.VersionInfoTask.FileName">
            <summary>
            Filename (*.rc or *.rc2) of the file to update.
            </summary>
            <remarks>
            If the source attribute is set to anything but File, the current version
            number will be read from the VERSIONINFO block in this file, modified, 
            and then written back.
            </remarks>
        </member>
        <member name="P:Untidy.NAntTasks.VersionInfoTask.Source">
            <summary>
            This attribute sets which version number should be used as the original.
            </summary>
            <remarks>
            There are potentially four different version numbers in a VERSIONINFO block, 
            and each can be selected here. Alternatively, the value "File" will cause
            the version to be read from a separate file. See the "sourcefile" attribute.
            This attribute can take one of the following values: FileVersion, ProductVersion, 
            FileVersionString, ProductVersionString, File. Defaults to FileVersion.
            </remarks>
        </member>
        <member name="P:Untidy.NAntTasks.VersionInfoTask.Update">
            <summary>
            Update File Version, Product Version or Both.
            </summary>
            <remarks>
            Possible values are FileVersion, ProductVersion or Both.
            </remarks>
        </member>
        <member name="P:Untidy.NAntTasks.VersionInfoTask.SourceFile">
            <summary>
            Sets a file to load the original version number from. 
            </summary>
            <remarks>
            This file must contain a version number in the form "major.minor.revision.build" 
            including the quotes on the first line. The rest of the contents of the file do 
            not matter. Settings this value automatically switches the source attribute
            to File.
            </remarks>
        </member>
        <member name="P:Untidy.NAntTasks.VersionInfoTask.ProductSuffix">
            <summary>
            The string value representing the product version number can be suffixed with this string.
            </summary>
        </member>
        <member name="P:Untidy.NAntTasks.VersionInfoTask.FileSuffix">
            <summary>
            The string value representing the file version number can be suffixed with this string.
            </summary>
        </member>
        <member name="P:Untidy.NAntTasks.VersionInfoTask.Major">
            <summary>
            Increments the major part of the version number by value. (major.minor.revision.build).
            </summary>
        </member>
        <member name="P:Untidy.NAntTasks.VersionInfoTask.Minor">
            <summary>
            Increments the minor part of the version number by value. (major.minor.revision.build).
            </summary>
        </member>
        <member name="P:Untidy.NAntTasks.VersionInfoTask.Revision">
            <summary>
            Increments the revision part of the version number by value. (major.minor.revision.build).
            </summary>
        </member>
        <member name="P:Untidy.NAntTasks.VersionInfoTask.Build">
            <summary>
            Increments the build part of the version number by value. Defaults to 1. (major.minor.revision.build).
            </summary>
        </member>
        <member name="P:Untidy.NAntTasks.VersionInfoTask.SetMajor">
            <summary>
            Sets the major part of the version number (major.minor.revision.build).
            </summary>
        </member>
        <member name="P:Untidy.NAntTasks.VersionInfoTask.SetMinor">
            <summary>
            Sets the minor part of the version number (major.minor.revision.build).
            </summary>
        </member>
        <member name="P:Untidy.NAntTasks.VersionInfoTask.SetRevision">
            <summary>
            Sets the revision part of the version number (major.minor.revision.build).
            </summary>
        </member>
        <member name="P:Untidy.NAntTasks.VersionInfoTask.SetBuild">
            <summary>
            Sets the build part of the version number (major.minor.revision.build).
            </summary>
        </member>
        <member name="P:Untidy.NAntTasks.VersionInfoTask.SetVersion">
            <summary>
            Sets the entire version number. 
            </summary>
            <remarks>
            Must be a valid version number string of the form: 
            major.minor.revision.build - e.g. "1.25.3.224". This disables
            all other update mechanisms.
            </remarks>
        </member>
        <member name="T:Untidy.NAntTasks.CVSTask">
            <summary>
            Carry out CVS operations.
            </summary>
        </member>
        <member name="P:Untidy.NAntTasks.CVSTask.Operation">
            <summary>CVS Operation to carry out.</summary>
            <remarks>Possible values: checkout, update, tag.</remarks>
        </member>
        <member name="P:Untidy.NAntTasks.CVSTask.ServerType">
            <summary>CVS Server type.</summary>
            <remarks>Possible values: pserver, ext, local. Default: pserver</remarks>
        </member>
        <member name="P:Untidy.NAntTasks.CVSTask.Repository">
            <summary>CVS Server</summary>
        </member>
        <member name="P:Untidy.NAntTasks.CVSTask.User">
            <summary>PServer user name.</summary>
        </member>
        <member name="P:Untidy.NAntTasks.CVSTask.RemotePath">
            <summary>Remote Path (path to module)</summary>
        </member>
        <member name="P:Untidy.NAntTasks.CVSTask.Module">
            <summary>Module Name</summary>
        </member>
        <member name="P:Untidy.NAntTasks.CVSTask.ConnectionString">
            <summary>Full CVS Connection String.</summary>
            <remarks>e.g. :pserver:user@cvs.pnotepad.sourceforge.net:/cvsroot
            Makes server, username, ... redundant.</remarks>
        </member>
        <member name="P:Untidy.NAntTasks.CVSTask.OverwriteLocal">
            <summary>Overwrite locally modified files with clean repository versions.</summary>
            <remarks>Valid for these CVS commands: update. Default false.</remarks>
        </member>
        <member name="P:Untidy.NAntTasks.CVSTask.LocalDirectory">
            <summary>Use a specific directory name instead of the module name.</summary>
            <remarks>Valid for these CVS commands: checkout. Default false.</remarks>
        </member>
        <member name="P:Untidy.NAntTasks.CVSTask.WorkingDirectory">
            <summary>Local directory in which to work.</summary>
            <remarks>Valid for these CVS commands: all. Default: project base directory.</remarks>
        </member>
        <member name="P:Untidy.NAntTasks.CVSTask.NoShorten">
            <summary>Don't shorten module paths when checking out to a specific directory (-N).</summary>
            <remarks>Valid for these CVS commands: checkout. Default false.</remarks>
        </member>
        <member name="P:Untidy.NAntTasks.CVSTask.NoModule">
            <summary>Do not run module program (if any) (-n).</summary>
            <remarks>Valid for these CVS commands: checkout. Default false.</remarks>
        </member>
        <member name="P:Untidy.NAntTasks.CVSTask.Revision">
            <summary>Use a specific revision/tag for CVS operations (-r).</summary>
            <remarks>Valid for these CVS commands: checkout, update.</remarks>
        </member>
        <member name="P:Untidy.NAntTasks.CVSTask.Date">
            <summary>Use a specific date for CVS operations (-D).</summary>
            <remarks>Valid for these CVS commands: checkout, update.</remarks>
        </member>
        <member name="P:Untidy.NAntTasks.CVSTask.TargetRevision">
            <summary>Revision to merge up to (-j).</summary>
            <remarks>Valid for these CVS commands: update.</remarks>
        </member>
        <member name="P:Untidy.NAntTasks.CVSTask.BuildDirectories">
            <summary>Build directories like checkout does (-d).</summary>
            <remarks>Valid for these CVS commands: update. Default true.</remarks>
        </member>
        <member name="P:Untidy.NAntTasks.CVSTask.PruneDirectories">
            <summary>Prune empty directories (-P).</summary>
            <remarks>Valid for these CVS commands: checkout, update. Default true.</remarks>
        </member>
        <member name="P:Untidy.NAntTasks.CVSTask.Recursive">
            <summary>Process directories recursively (-R).</summary>
            <remarks>Valid for these CVS commands: checkout, update. Default false.</remarks>
        </member>
        <member name="P:Untidy.NAntTasks.CVSTask.NoRecursion">
            <summary>Local directory only, not recursive (-l)</summary>
            <remarks>Valid for these CVS commands: checkout, update. Default false.</remarks>
        </member>
        <member name="P:Untidy.NAntTasks.CVSTask.ForceHead">
            <summary>Force head revision if revision/tag not found (-f).</summary>
            <remarks>Valid for these CVS commands: checkout, update. Default false.</remarks>
        </member>
        <member name="P:Untidy.NAntTasks.CVSTask.ResetSticky">
            <summary>Reset any sticky tags etc (-A).</summary>
            <remarks>Valid for these CVS commands: checkout, update. Default false.</remarks>
        </member>
        <member name="P:Untidy.NAntTasks.CVSTask.Quiet">
            <summary>Cause CVS to be somewhat quiet.</summary>
        </member>
        <member name="P:Untidy.NAntTasks.CVSTask.VeryQuiet">
            <summary>Cause CVS to be really quiet.</summary>
        </member>
        <member name="T:Untidy.NAntTasks.MKSSITask">
            <summary>MKS Source Integrity Task</summary>
            <note>Currently only simple sandbox checkout functionality is implemented.</note>
        </member>
        <member name="P:Untidy.NAntTasks.MKSSITask.Dir">
            <summary>Directory in which to create the sandbox.</summary>
            <remarks>Valid for these CVS commands: sandbox. Default false.</remarks>
        </member>
        <member name="P:Untidy.NAntTasks.MKSSITask.MKSProject">
            <summary>Path to SI project to work with.</summary>
            <example>\\mksserver\sources\myproject\project.pj</example>
            <remarks>Valid for these CVS commands: sandbox.</remarks>
        </member>
        <member name="P:Untidy.NAntTasks.MKSSITask.Revision">
            <summary>Work with a specific project revision.</summary>
            <remarks>Valid for these CVS commands: sandbox. Default none.</remarks>
        </member>
        <member name="P:Untidy.NAntTasks.MKSSITask.Recursive">
            <summary>Recurse into subdirectories.</summary>
            <remarks>Default true.</remarks>
        </member>
        <member name="P:Untidy.NAntTasks.MKSSITask.Quiet">
            <summary>Enable "quiet" mode.</summary>
        </member>
        <member name="P:Untidy.NAntTasks.MKSSITask.Terse">
            <summary>Enable "very quiet" mode.</summary>
        </member>
    </members>
</doc>
